visitorId,email_hash
9GoLGui3iYG6OJvp6GgBX,QKVo/A4TPRloLTRhf4f4/g==
oAgKGab32am2hyZdbeQfJ,sbs10mF3oxyKoWBeac3qHQ==
LG-ASr_9Ei,/QGpOviXi9fn1RzWTAcsHg==
TsqlmeyxPoIsFM3rDA5JK,1cP5eHm7h4JQ+8Lq10cptg==
J-hwzZjmr2TR1z9rDZoyE,R+bXjsh9fwyR/rPk9Zqz6w==
SrtKp2SS3N-tmiPhvazml,Ibbu/9DJPLF/RL1oa84cHw==
g1jnRmKUHnZEnTgO5jgXK,neYXn2EOKwtPoN6GvayWNA==
evvjKIQreimqgk-VLukfz,wNlX4I5NwmK8478KNQ45sg==
mtNvQqo8Kkvo3kQHAtKM4,bNHpfkM3sIzadSjhpZz36g==
AzgPsJw2fSsaF52X0M4ny,AUAoCtgOSRcqawaDchOZoQ==
u5I9T95Axunt02oNPq8c2,XZx0sFBEq/rsn9RJuJxRkQ==
FQ5fKYxM4caV9EMIsAJEp,RwiV/EqphCtcUnY0e6Dtcg==
eTDsahauw-XXI7UGEx2uL,5zqEERoynKqZc348YWgW9A==
zD8-xP3RkGU_66uuoHcKO,9ZGEdUsJudvhQUMHkehQsw==
gopYT7BY5f6YTDnEm2RfJ,mCdS/iJopmvcJBBG2N/p5Q==
cjjFjJdflmP5ogXOfLGLU,MaoFP4+3CbGU3uPYQcHLkQ==
erBCDVwNmJ,+MepFJ32VvM1X8U4lVjxjQ==
NgsrHa1mKSMPymU8kzQbK,yYA6HdXPo0S+8elGk0rQcA==
9y8Qeg5q5v24_A0PpAOEo,IyuZk8l04lgG7AOYQJMijA==
zO5p2KzViGdjbB-GM8Ra9,KpsYAwpLSO8p1fl3S4gGmA==
t3y-zdEp1tjD6z_x84lda,Z40I7E/SlxZdlU0peMhIlw==
a8FvyuPp9ZqL7n-o9dwjU,2H6zpa1bMYKBzMVhJMFDWQ==
MABXVqwfOfhxFkAJv2g6v,301zCF6g3B5FVpLWYa2ILg==
e1--3PheEkvx6XxLbtRZF,PWKDCAc9IzOgoY3OW6QIdw==
JNhEbzggjiVuuutRymZXz,Hzb34KLzsm7/zHAnZGmbPA==
ZAOXkmJl-M3PVaBm5ChuU,4eJDNjuveV7iaXrtlBLYRA==
3pnowfp_XWx4iGOZ7t4Kb,OLVvVKU2mP75/1arz1Gp1w==
TcICbxFzj9ij7F5RCIoUh,JE5eUCI9WXrQn0hj75mlpg==
8T8fFgzNiFpEhbHO_zuPV,+XUiVduCJoP4dL/TSHjBOQ==
WgM66XcuEUG28WOadAKDc,1JKIkyFHotdexDM8A0tGaw==
aCwMZ6GZpXUWAnEfHt_-l,wrqqoJJhEqf/CB4mzvg2oA==
auISWmsrpdDSvv7fTy77R,yx7MbzwF7mMs6KKhkJJPyg==
v7mtIz7JzTEEQOGE8H60l,6uVdnW1te/catouxcCBSBg==
9JkMtIhHDYcznWYEpWcGC,5EPzCOqZ1TxbmoBH1mpEGA==
HFMDHFvaEOvMLbCzpRcpa,wI18XT6A9bMw0GPDOXVCcw==
arXiaVVArrJAA7H6pCVyG,O0lOQxqI5Egh7E4lkC45oQ==
7Ydy3rbM91aeahOZmduMM,kXq8WAaCzqhhyzhj89Q+nA==
qMOvF8k4kYZF_pK4D9tZH,a/mJ9w0IeKkhHBfDC2mYlg==
NJYLjbp70-LPM1Jn-pgxh,zYrsrOXgCkCD3Gzj1kR1wQ==
03fHTJ5IcSCyQ57OnFEtt,VD3x4+OQyHoBkZzsTElODg==
sA1y8GQ_tOEuSl2T84Hie,VhC2y7IxShp5/xUvvJmL6g==
RqJBABbdu0HXPyWZzWAGH,fLaU+YxK+GarxKXIchUT4A==
ahm6iHMSqP-B2qtALkJ03,ma1BFKwhLMYgd8vW6Kw2Yw==
YsYBMOXfz4EBk_oylZyGR,SxOliGJIO6U21+7rT7oC/w==
ITHp_McJoXkZcxIuDmcGY,HlA9qhp/JNKz08xS98MdkA==
yGLDkol0FjUlMOz3u0XuD,bGfE+vIQQUchwd27Wu0bAQ==
v4Vbmczmlg3S0rbYf9t7-,ZbMCAnTz0AbigDinYzxhjg==
s6MpWKHbugszNckCbDEkJ,jMi2OoE9q3MS/b65+T9J+w==
uL3FmEalhSWT73YFH7ufu,CohSkwFRLcsrZzhZfS8wfA==
2r6OdRPN8TNC4N1iWi8qd,ncpnOpRvfwJxMWd+jYlilg==
zuumiamQM-WoDfjeJc15Z,RWcAiUH03ZwSpYtySqEuaw==
JK8cne97agNFHnlQn13n9,ulNJJKOgiR6otFKWer9maQ==
9C6iFPXRbYjGDOPKgmNf4,uuQS1alMXP8OZNvlZmvXtg==
H0lb0bihcybf6bxXHmMUR,3GmyvOJ0BbCBtghtxXDMuA==
mNuAinN4QSsbEjPb4JDop,o/xVc3sh9eE+pXGtj8pDqQ==
RHuhPjW3jmIpehKb3N3n9,bksG4+yTONpw+d0xGt9z0g==
YpSWstoOUw8OLzC-IgkxC,HqjlSVMOCp8k1vnh5NTD2w==
-H3o9alL4oRAHhdmf2IVL,jya5piGoXrk0lBMpOV+KkA==
U4VbKd_mRH-69JC5deTWK,e4Ni6Rf3P1vY0/amCJCDdw==
av3rLfIxRqxBg2lOTnGYs,plVZE49FcdTJpY/A+RFEkg==
5IsSu__7BbK9bgyDcsavO,2qH9lagr/nxEP6hmMkdzQA==
KSlaqTxYqqTDx8AOYVSGy,QyREa1g9V9GjvlUq0foEhQ==
Q9kfHacDSi4637d0EBgJP,dlJXcByKeX/OzQ+nJ7c2yQ==
vrbMVMmDQp1mrxaIsUawE,oJPjPo050+soFRG3b/qXGw==
R0U-HKi1rIJ9bWYUY1x-u,nyBJr7W90Nn6KfF0/ZmvYw==
UOery9gqaicx-ym6e1lMq,prSp07KX8nfuR2XjHLvKaw==
5GzBi2v1-QNakkp7vYshu,cFUEOEuJ+0TenUSEl0VHKQ==
kQye4HoUQ2cC35duRQHYn,+AHLtTa0B7buWyrr8m1WPg==
xOor79NUIqp4qImKo0ujP,6CcimoS++8qEKG3gD/wQgA==
gvnEuzVrYR,czWZG1gWnduSwHMY+Vb78A==
2zoaIGPOhiVIRKDUZ_fzA,BUwRERQ8NeeAzs/PzZyTiw==
2vnA494j6diQngX3x82KO,tc+oG6HO8fwQWRpRSuFveA==
cxip6HBFzXcDVg-mOvQTD,qOgWC2bzdWhd3dpQTKmRKA==
-OpYYZF4X1JfrUj2uw1wG,hm43tKONRMIk5368iYJ6tg==
y_1kdMSYBqbL8yjPW6xme,4OWXcdPHwDZbN/0M3draqA==
600CrVVQIC8Sqh3e-er9G,0x3Dcxje9uTzpVLfA+ZcCQ==
1NrhROmqQ-UQ6Fa6GX0Yp,8LYEaNO7MV9doPLYbspfnw==
rhiIx75SoWybuQYpYZdhW,1yCQuwqaG2atR9eYiVQ8Rg==
GrL-wgt9nSM0wEtqqfA2M,tWXYUWoW8Ak12ufi8sH/jw==
KRuuirAC_eq1Kkf_Ecm2O,w8g5fl3CTZL8xfXK0gFZaA==
-kblkM66dzhCETkl1EtqY,n8bSzNU6ehiVuNVxIhjluQ==
Z5k79_ulpSkaAmF5MSgCg,CUuDGt9J/RRgmfdyZRT9dQ==
SA9DuSaj7CUQlP59XL73y,RGI1FgNlD+Gcu66VSavsjw==
Lm3kpNemFe-IFCgvAzM2F,qaa87tgy0C4srSgIHtc3og==
iqn8dBWaajnKNX_fQh3-X,dqZVZ5WxxaQMeqtpwGJWJw==
Jm0iYMTPTMyo5urdF3bdr,BsdT26GySJdYJWl1F23kOg==
zql5PI6Etz4-DOhw_zGEo,6IfK+QY2VbNh+7JY+cXBmw==
iM3u8IGvLnd-SFqXUTxMr,6IfK+QY2VbNh+7JY+cXBmw==
RB3oPCfy6iTt2GwtxbTWo,6IfK+QY2VbNh+7JY+cXBmw==
RQxXSUsyXo8zw6_w8jBNu,6IfK+QY2VbNh+7JY+cXBmw==
0PPmIzBl1BXqEY4XQYf7g,6IfK+QY2VbNh+7JY+cXBmw==
mJun3_b3sc21JQPAcCjd6,ymi3XkDw0XUSP0Ps6WY1tg==
C349HejxttGXUzRBt8wA4,9/7ITYeQ/m6vT07BcVG95g==
FeTJoLl-iqcIc-FErQea2,wiVdi6Ujwa9qt3AYRFf2IQ==
i8J3Em_BMyKDe6L6smsxi,Tb4U/1tr5cOSR8tJcwZfeA==
UUeWMCDx2z9_LtQ_CEYq5,bFrg+tt7r9gA6bRL1hCUuA==
Xwzl7BUP-Yf461CFTD7mJ,xBDz3amAaaLydEnwzI80Sw==
WmKf-CDMSRkKuoTyj1k0D,FWrfMU0JCEIeX5izbqJMUA==
NVW1HjXZm8F7XWbzZe8er,SJNcx8rk1apgFwsUJN+lDQ==
rbLS0DuaILj9dUDq188oS,bXz3pHTCu9IdQdspK8x7Cg==